1,Dee dee,Machinga,diannuzzi0@purevolume.com,771774
2,Hermine,Capacmarca,hjoplin1@hao123.com,763217
3,Drucill,Bunga Mas,dpether2@people.com.cn,903864
4,Devlin,Jurva,dferrieri3@shareasale.com,476040
5,Basil,Chelles,bgibb4@altervista.org,537166
6,Daune,Longguang,dszymon5@nbcnews.com,901258
7,Connie,Kibonsod,cpatise6@bravesites.com,216766
8,Patin,Thabazimbi,pkindell7@google.de,987817
9,Abagail,Längelmäki,acraster8@cnn.com,885185
10,Marlee,Owen Sound,mmusicka9@people.com.cn,846637
11,Chickie,Nagarakembang,clohdea@yahoo.co.jp,227113
12,Emmalee,Cerro Punta,eberryb@abc.net.au,166770
13,Griselda,Troitskoye,gsaggsc@alexa.com,535991
14,Terry,La Tinguiña,tjahnerd@redcross.org,578428
15,Borg,Huangbayi,bkennifecke@wix.com,749941
16,Kaitlyn,Falun,kheveyf@edublogs.org,631136
17,Ranice,Kawahmanuk,rmatejovskyg@indiegogo.com,489095
18,Padraig,Monteros,psirmonh@goo.ne.jp,559435
19,Vicky,Akarakar,vgiacobbinijacobi@indiatimes.com,460423
20,Rozalin,Woerden,rmuehlerj@nasa.gov,301813
21,Emylee,Zvezdara,erubink@columbia.edu,626778
22,Ugo,Tvrdonice,umcnirlanl@nih.gov,345660
23,Nickie,Kuala Terengganu,nwixeym@geocities.com,397619
24,Merrily,Vilkija,mbonnetten@senate.gov,931155
25,Kacy,Janūb as Surrah,kbiffeno@linkedin.com,455746
26,Abra,Corrientes,awormaldp@wordpress.org,462783
27,Jacenta,Dembī Dolo,jdowreyq@moonfruit.com,808528
28,Raquel,Nawu,rgimsonr@unesco.org,439871
29,Mireielle,Karangasem,mrapinetts@oracle.com,914076
30,Giacinta,Tata,glindberght@phoca.cz,700093
31,Amabel,Pawonków,aelbournu@army.mil,394385
32,Ophelia,Boca Suno,omeliorv@alexa.com,550194
33,Valencia,Beitan,vfolbigew@edublogs.org,607465
34,Philippa,Lago,pblaxallx@jalbum.net,665212
35,Nev,Popayán,nlomasnay@goo.gl,759496
36,Hanny,Zuogaimanma,hcaddockz@telegraph.co.uk,583082
37,Cyrill,Phichai,csprankling10@opera.com,922676
38,Zonnya,Tucupido,zwearn11@macromedia.com,16282
39,Raleigh,Karlobag,rpurser12@storify.com,476348
40,Ronni,Duboka,rcough13@economist.com,184776
41,Bing,Zhongxian,bthurstan14@ifeng.com,133545
42,Haskell,Lousado,hforth15@example.com,697899
43,Aaren,Dallas,aingleton16@reddit.com,119048
44,Vinni,Xianlin,vedler17@newsvine.com,559208
45,Georgianne,Khānaqāh,gfillary18@geocities.jp,792840
46,Mommy,Konstantinovskoye,mtax19@pbs.org,281040
47,Ashley,Milano,acarbin1a@webeden.co.uk,825918
48,Haley,Santa Lucía,hfudger1b@time.com,131304
49,Dasie,Hitoyoshi,dmabee1c@google.es,104015
50,Germain,Partizan,gdiviney1d@princeton.edu,39590
51,Fallon,Yangjia,fpauer1e@taobao.com,588154
52,Ann,Gennevilliers,ahousden1f@mlb.com,759035
53,Zachary,Harembo,zskim1g@noaa.gov,833011
54,Lillis,Koundara,lbielfeldt1h@kickstarter.com,916477
55,Leelah,Char Bhadrāsan,lstellin1i@jalbum.net,186344
56,Stesha,Thành Phố Hạ Long,swest1j@joomla.org,877185
57,Ogdon,Kuzhu,oproswell1k@youku.com,630437
58,Akim,Pukë,acarbry1l@discuz.net,420070
59,Jinny,Marugame,jkilgrew1m@youtube.com,374260
60,Mechelle,Waipukang,mcorbet1n@blogs.com,861398
61,Noami,La Plaine-Saint-Denis,nhawken1o@dagondesign.com,785118
62,Boycey,München,bfareweather1p@un.org,489113
63,Vilma,Bologna,vbeuscher1q@ameblo.jp,483286
64,Nina,Tambalisa,nranvoise1r@paginegialle.it,143671
65,Reinaldos,Tianhekou,rcrimpe1s@wisc.edu,428385
66,Eirena,Marseille,ehartnell1t@about.me,622147
67,Jorey,Ganyan,jworland1u@cisco.com,420380
68,Pepillo,Longqiao,punwin1v@ehow.com,624183
69,Simon,‘Alīābād-e Katūl,schampkins1w@dot.gov,101306
70,La verne,Gungguh,lasipenko1x@sfgate.com,447835
71,Margret,Yaring,mjosephy1y@yandex.ru,688562
72,Elana,Bantarpanjang,eangove1z@hostgator.com,321270
73,Dallis,Huaquirca,dpressdee20@alibaba.com,865364
74,Maressa,Bucay,mjindrak21@deliciousdays.com,913739
75,Marten,San José de Mayo,mraatz22@liveinternet.ru,66437
76,Kellie,Dashiqiao,kboobier23@netscape.com,714833
77,Alice,Sanxi,afosten24@hc360.com,314262
78,Raviv,Ayna,rlogsdail25@admin.ch,328500
79,Koral,Sudimanik,ktolcher26@tripod.com,545405
80,Maddi,Bissen,mbielfeldt27@wordpress.org,319192
81,Dorry,Pacasmayo,dcapon28@nba.com,485523
82,Calypso,El Bolsón,cheaysman29@mapy.cz,815859
83,Andrea,Catarman,atrotter2a@merriam-webster.com,476245
84,Ella,Businga,erey2b@unc.edu,183664
85,Wilmer,Wan’an,wlovering2c@unblog.fr,810000
86,Damaris,Lakki Marwat,dandersen2d@mac.com,846713
87,Celestina,Lamakera Dua,csprulls2e@newyorker.com,75550
88,Cash,Barang,csircombe2f@mapquest.com,435038
89,Afton,Al Başrah,acasaccia2g@moonfruit.com,47974
90,Wittie,‘Ābūd,wcorsor2h@51.la,400806
91,Katrine,Kuala Bintang,kitzig2i@va.gov,710926
92,Myrvyn,Yong’an,mlang2j@unicef.org,537275
93,Ramsey,Bautista,relt2k@msu.edu,603986
94,Seka,Buguruslan,sgarret2l@google.com.au,693588
95,Cobbie,Montonggamang,cblackett2m@networkadvertising.org,89819
96,Anica,Studenec,abraitling2n@tripod.com,622070
97,Colet,Milove,czammett2o@foxnews.com,314517
98,Ilise,Vostok,ialeso2p@google.co.jp,387774
99,Tamqrah,Molteno,tsimeone2q@51.la,210718
100,Clary,Leninskiy,csayers2r@zdnet.com,643786
101,Stevie,Raglan,smenguy2s@state.tx.us,456246
102,Xenia,Paris 18,xmctrustrie2t@businessinsider.com,654029
103,Katey,Shuangquan,khudghton2u@livejournal.com,667379
104,Hally,Alençon,hbroomer2v@plala.or.jp,783317
105,Elaine,Tyshkivka,eantonacci2w@arizona.edu,229477
106,Blake,Novoarkhanhel’s’k,bjanuszkiewicz2x@livejournal.com,403803
107,Forster,Jacksonville,fgillions2y@ameblo.jp,770616
108,Zechariah,Kota Kinabalu,zgye2z@sogou.com,137197
109,Uriel,Banaran,uvicarey30@typepad.com,758961
110,Dick,Tupesy,dgarlant31@virginia.edu,362183
111,Alexei,Kaynardzha,anickolls32@vkontakte.ru,946662
112,Shanna,Kobryn,scowill33@army.mil,874740
113,Georgiana,Luleå,grimour34@pcworld.com,824743
114,Emlyn,Bahuang,etaylder35@drupal.org,740944
115,Thomas,Varėna,tsorey36@cloudflare.com,645240
116,Lana,Shaft,lianelli37@cafepress.com,728130
117,Emelyne,Kocēni,emcqueen38@google.com.au,661521
118,Candi,Łużna,ccleminson39@huffingtonpost.com,961700
119,Faith,Luzhou,ftwinning3a@multiply.com,917075
120,George,Kandi,garchanbault3b@java.com,930302
121,Stavros,Heshan,sevreux3c@paypal.com,210933
122,Corie,Sypniewo,cmacmurray3d@ca.gov,618634
123,Oby,Pando,oseiter3e@alibaba.com,750717
124,Stevana,Margotuhu Kidul,shancox3f@plala.or.jp,522672
125,Freddi,Shipaidong,fmorecombe3g@smugmug.com,408906
126,Matthaeus,Igede-Ekiti,maynold3h@biblegateway.com,687245
127,Aeriela,Yunga,amacpeice3i@amazon.co.uk,243479
128,Seumas,Zavety Il’icha,slakey3j@cam.ac.uk,193696
129,Keely,Spånga,klamont3k@cargocollective.com,636264
130,Karine,Nurabelen,kbucke3l@yolasite.com,590067
131,Gerhardt,Kiiminki,gmarian3m@netscape.com,585794
132,Tricia,Delta del Tigre,tbeelby3n@foxnews.com,929296
133,Babs,Jipijapa,bruf3o@slashdot.org,96361
134,Trefor,Poá,tgoymer3p@businessweek.com,248327
135,Sean,Bardalah,sdunnet3q@purevolume.com,25095
136,Shena,Fenghuang,swearden3r@wp.com,243716
137,Wanda,Rovnoye,wnewburn3s@php.net,735349
138,Washington,San Diego,wmengue3t@rakuten.co.jp,561744
139,Dinah,Banatsko Karađorđevo,dcathie3u@com.com,468016
140,Nikos,Rungis,nmitie3v@mail.ru,139872
141,Tyrone,Mâcon,tbunch3w@nifty.com,303266
142,Sasha,Melita,sneilus3x@washington.edu,541679
143,Duff,Tipaz,djanew3y@chron.com,727372
144,Engelbert,Pulau Pinang,efiddian3z@google.com.hk,525321
145,Aurlie,Villa Francisca,afullerton40@usda.gov,42619
146,Gabey,Sevaster,gscottini41@homestead.com,256349
147,Stavros,Bangekdewa,sbemment42@webeden.co.uk,117212
148,Goddart,Monte Santo de Minas,gswannack43@ucsd.edu,911838
149,Jodi,Lyambir’,jmalkin44@issuu.com,159610
150,Munmro,Kowalewo Pomorskie,mgelderd45@sogou.com,581845
151,Monica,Banjarbaru,mmafham46@nhs.uk,838864
152,Carlyle,Santa Bernardina,ctreamayne47@biblegateway.com,515247
153,Pegeen,Balzar,pempringham48@netscape.com,320315
154,Stanfield,Can-asujan,sdundon49@businessweek.com,390072
155,Marcelia,Basseterre,mpladen4a@pagesperso-orange.fr,501339
156,Gabriell,Karolino-Buhaz,gparzizek4b@pinterest.com,617048
157,Zora,Zhuangxing,zsquier4c@mapquest.com,395346
158,Jenine,Changgai,jpietranek4d@harvard.edu,618264
159,Peyter,Presidencia Roque Sáenz Peña,pshine4e@cisco.com,145879
160,Sharlene,Del Pilar,sgertray4f@theglobeandmail.com,493078
161,Stanford,Bërxull,svanstone4g@google.nl,483467
162,Aurelea,Eido,agiroldi4h@nasa.gov,534802
163,Wolfie,Łapanów,wcharge4i@latimes.com,764905
164,Keeley,Al Balyanā,kwallentin4j@twitter.com,704786
165,Corene,Höviyn Am,cmatanin4k@slate.com,413165
166,Caye,Payabon,cdunsmore4l@ted.com,972783
167,Kaine,Harrisburg,ksolloway4m@rakuten.co.jp,782036
168,Thatcher,Palencia,tjost4n@istockphoto.com,618581
169,Meagan,Liulin,mekins4o@lulu.com,389303
170,Stinky,Taman,snormandale4p@yellowpages.com,950871
171,Stefano,Zaječar,slabitt4q@tamu.edu,425790
172,Ailyn,Huaqiu,aivshin4r@squidoo.com,973064
173,Astrix,Bayanan,agoldfinch4s@symantec.com,210441
174,Charmine,Elena,cvasilyonok4t@shutterfly.com,411594
175,Dyanne,Brahin,dcoultar4u@usgs.gov,221466
176,Franzen,Cuba,fsmallthwaite4v@soup.io,72673
177,Janie,Kalmar,jdeboy4w@networkadvertising.org,20939
178,Annetta,Bachuan,aruddin4x@mysql.com,116619
179,Jillie,Caieiras,jpitcaithly4y@chron.com,448238
180,Bruno,Ovalle,biozefovich4z@jalbum.net,615556
181,Daniela,Yidian,dkydde50@spiegel.de,960325
182,Filippo,Zhelin,fyetts51@trellian.com,711464
183,Ileane,Trzebiatów,irandlesome52@hatena.ne.jp,34507
184,Buddy,Wuqiao,bmaddison53@auda.org.au,187251
185,Clary,Kratié,ckendell54@msn.com,686692
186,Randy,Miastko,rleverton55@utexas.edu,554419
187,Maighdiln,Kriel,mtidgewell56@archive.org,360354
188,Lauretta,Sorang,ltidy57@tuttocitta.it,375780
189,Frannie,Krajan,fhallward58@pen.io,935293
190,Jillian,Gaoyi,jspat59@shop-pro.jp,894245
191,Rene,Parravak’ar,rferrero5a@deviantart.com,720413
192,Carrie,Al Jīzah,cayers5b@is.gd,544608
193,Ernest,Jiuhua,eedgerton5c@cbsnews.com,496282
194,Adriano,Shangani,arosenhaupt5d@wix.com,34179
195,Dru,Sumberagung,dkhomishin5e@simplemachines.org,856886
196,Erena,Castanheira,eolivey5f@dot.gov,801266
197,Sallie,Edsbyn,sgooley5g@pcworld.com,718064
198,Collen,Mahābād,celiet5h@hp.com,58018
199,Kalindi,Arroyo Salado,kgaler5i@qq.com,440282
200,Etan,Daba,erodriguez5j@army.mil,851660
201,Malvina,Sulkava,msavidge5k@pagesperso-orange.fr,771472
202,Taddeo,Bali,trobertshaw5l@wunderground.com,720291
203,Desdemona,Ambohitseheno,demmott5m@ed.gov,793594
204,Pippo,Huesca,pealam5n@timesonline.co.uk,574052
205,Evonne,Calumpang,evlasin5o@cdc.gov,340956
206,Brear,Candelária,bkybbye5p@howstuffworks.com,107588
207,Markos,Daszewice,mwykey5q@i2i.jp,825452
208,Welsh,Cunha,warnatt5r@wired.com,150460
209,Lauraine,Chalchuapa,lcaven5s@sina.com.cn,570467
210,Grantham,Dafeng,goakwell5t@go.com,785726
211,Nataline,Sihai,nstroud5u@unesco.org,41802
212,Gherardo,Wuxiang,gmustill5v@ucsd.edu,136013
213,Tobi,Shāhīn Shahr,tgryglewski5w@opensource.org,216819
214,Clarita,Novokuz’minki,cdyzart5x@techcrunch.com,638302
215,Agustin,Nakajah,aakram5y@taobao.com,847647
216,Lynnea,Níkiti,lhillett5z@behance.net,639484
217,Hernando,Karangpeton,hshipperbottom60@theatlantic.com,305646
218,Domingo,Chengzhong,dkimpton61@slashdot.org,927330
219,Rosita,Sélestat,rbeddo62@businessinsider.com,831567
220,Ardelia,Dīla,abirrane63@icq.com,955761
221,Felecia,Montgomery,feldrid64@nyu.edu,242409
222,Ambur,Wanurian,asamweyes65@gravatar.com,636904
223,Mallory,Alvaro Obregon,mmonery66@webeden.co.uk,858185
224,Ariana,Santa Maria,aredier67@timesonline.co.uk,997071
225,Gilly,Vicuña,gbattyll68@webs.com,780816
226,Patrica,Sogod,phartland69@i2i.jp,969123
227,Helen-elizabeth,Uzyn,hteck6a@globo.com,169059
228,Lolita,Hasuda,ldurante6b@japanpost.jp,77992
229,Salim,Santa Cruz,smirfield6c@craigslist.org,577599
230,Ken,Custóias,ktatlowe6d@marketwatch.com,355217
231,Sholom,Selikhino,sfurniss6e@youtube.com,105322
232,Dacey,Parigi,dcabena6f@umn.edu,599776
233,Cristionna,Al Manshāh,cvasilchikov6g@eventbrite.com,336380
234,Flora,Nunutba,fcrowthe6h@columbia.edu,857818
235,Linn,Karangturi,lkirman6i@cpanel.net,498108
236,Marta,Chernyanka,mtipper6j@techcrunch.com,430187
237,Wildon,Aigínio,wbonefant6k@spiegel.de,723577
238,Bent,Bāgh-e Maīdān,bmossman6l@ameblo.jp,124461
239,Amy,Mýki,aspray6m@buzzfeed.com,107735
240,Cosmo,Stockholm,cdransfield6n@shareasale.com,600230
241,Flemming,Malanville,fbinner6o@yandex.ru,546657
242,Sascha,Shuiquan,skingsnode6p@youtu.be,569105
243,Shannon,Debar,smalden6q@forbes.com,382320
244,Aubert,Lipci,arennix6r@ehow.com,151460
245,Arabela,Japerejo,ablanchard6s@cnet.com,909492
246,Hulda,Pittsburgh,hcharlewood6t@fda.gov,419980
247,Leo,Yangmadao,lsponder6u@admin.ch,674006
248,Pattie,Perštejn,pbulfit6v@usatoday.com,614601
249,Felipa,Capelinha,fhallut6w@washingtonpost.com,659067
250,Mirella,Bagusan,maizikovitz6x@admin.ch,297333
251,Hyacinthe,Zdice,hhogbourne6y@eepurl.com,425134
252,Vikki,Damiku,vpim6z@eepurl.com,31966
253,Anallese,Rivera,agrouer70@state.tx.us,576810
254,Ibbie,Montréal-Est,iwillishire71@shinystat.com,362697
255,Domeniga,Tengqiao,darington72@chronoengine.com,337597
256,Benni,Xiuyu,bprise73@spiegel.de,528801
257,Catha,Baños,cmontrose74@wiley.com,591515
258,Evie,Suvorovo,ebutler75@vimeo.com,962986
259,Gordie,Beigucheng,gdishmon76@1688.com,16055
260,Kath,Laon,kbarker77@gov.uk,678647
261,Marian,Grangwav,mnassey78@squidoo.com,585362
262,Christalle,Svedala,cthorley79@moonfruit.com,188076
263,Micki,Hetian,mviccary7a@cocolog-nifty.com,366226
264,Iseabal,Tula,imallion7b@newsvine.com,326169
265,Lorilee,Krasnaya Polyana,lproctor7c@ycombinator.com,997958
266,Jolyn,Zhongfang,jreddy7d@tuttocitta.it,140468
267,Howard,Bandar ‘Abbās,hpaute7e@go.com,902462
268,Bud,Toledo,blongstreeth7f@wikia.com,303589
269,Bennie,Kembangan,btarney7g@g.co,579681
270,Godard,Jiuzhai,gkabos7h@businesswire.com,448047
271,Jonie,Ciudian,jstreet7i@blog.com,422785
272,Domenic,Malabar,drizzi7j@yellowbook.com,615887
273,Zacharias,Lamarosa,zdymock7k@marketwatch.com,29203
274,Ulrick,Lazdijai,uglanfield7l@ycombinator.com,796925
275,Vail,Chenfang,vsiflet7m@nasa.gov,740246
276,Mercie,Muara,mosmint7n@washingtonpost.com,558704
277,Colly,Baishi,cmeers7o@vkontakte.ru,75908
278,Tabbie,Ołpiny,trowaszkiewicz7p@prnewswire.com,836908
279,Farley,Mosquée,fstpaul7q@prweb.com,368295
280,Bailey,Penghu,bmacalpyne7r@ibm.com,608439
281,Tabitha,Balangpule,thoffmann7s@aboutads.info,705483
282,Verena,Amsterdam-Oost,vduinbleton7t@sina.com.cn,117974
283,Dedra,Zumiao,dgotthard7u@people.com.cn,93470
284,Cassi,Quthing,cdownham7v@amazonaws.com,749290
285,Bren,Esperanza,bsherborne7w@bloomberg.com,500926
286,Jamey,Cakran,jolenchikov7x@google.it,941123
287,Phip,Xinghua,pgumery7y@mtv.com,669054
288,Mathias,Strelitsa,mritmeier7z@imdb.com,953945
289,Leshia,Subotica,lmatteini80@cafepress.com,754546
290,Mei,Mintang,mbartlam81@weibo.com,582539
291,Abdel,Sudimara,abittany82@indiegogo.com,269025
292,Lurlene,Asikkala,ljotham83@t.co,658185
293,Derek,Kislovodsk,dstempe84@infoseek.co.jp,530658
294,Linn,Devesa,lbriggs85@jugem.jp,986743
295,Montgomery,Celso Ramos,mmeiklam86@odnoklassniki.ru,99474
296,Flem,Habo,flink87@privacy.gov.au,77758
297,Adolphus,Alegrete,apentlow88@yandex.ru,960749
298,Symon,Donnacona,selldred89@mit.edu,193766
299,Mendy,Jadowniki,mjeffress8a@infoseek.co.jp,11983
300,Bernita,Siaya,browbotham8b@diigo.com,321253
301,Noni,Kupu,ning8c@google.ca,381260
302,Merilyn,Cartí Suitupo,mduplain8d@skype.com,396049
303,Berta,Wielki Kack,bsharrard8e@instagram.com,272256
304,Eal,Porvenir,egatty8f@ycombinator.com,542051
305,Camilla,Xumai,cforan8g@cdc.gov,290723
306,Laura,Lakatoro,lbaress8h@goo.gl,298629
307,Leah,Krajan Gajahmati,lphillipp8i@pagesperso-orange.fr,92697
308,Riordan,Magnitogorsk,rgeeves8j@homestead.com,72171
309,Simone,Morropón,sporker8k@google.pl,939773
310,Foss,Xindai,fhulk8l@goodreads.com,886528
311,Zacharia,Balud,zparkman8m@huffingtonpost.com,965300
312,Meg,Lipnica Wielka,mfinlater8n@123-reg.co.uk,558513
313,Vito,Sepekov,vyves8o@state.gov,915250
314,Kenton,Amarillo,kcovert8p@macromedia.com,757362
315,Dot,Oyama,dmacmurray8q@twitter.com,148863
316,Glynis,Mikhaylovka,gsymonds8r@hubpages.com,59880
317,Val,Tsukawaki,vstaggs8s@theguardian.com,542902
318,Joellyn,Waishan,jrotherforth8t@miibeian.gov.cn,160213
319,Melosa,Calsib,mblaver8u@pbs.org,685887
320,Emelda,Castedo,esausman8v@unesco.org,903791
321,Pollyanna,Áno Kómi,pstrotton8w@jimdo.com,522523
322,Judd,Santiago,jhonnicott8x@gizmodo.com,343014
323,Buiron,Beaverton,bpickersgill8y@imdb.com,58168
324,Emelia,Ropice,ebellini8z@feedburner.com,407465
325,Chloette,Pallasovka,csambles90@washington.edu,819808
326,Thibaud,Modot,tvynehall91@list-manage.com,926542
327,Ximenes,Udënisht,xdewis92@mlb.com,714656
328,Althea,Sundsvall,adomican93@vk.com,785818
329,Alvan,Pashkovskiy,aload94@mashable.com,573861
330,Concettina,Huanglian,ccotsford95@merriam-webster.com,741664
331,Karola,Calvinia,kandreutti96@wunderground.com,229230
332,Francisca,Si’erbao,fmaden97@auda.org.au,13847
333,Jess,Aix-en-Provence,jilyenko98@cbsnews.com,718670
334,Ianthe,Jincheng,ibovey99@yellowpages.com,624380
335,Bernice,Al Wuday‘,bgibbard9a@cisco.com,391289
336,Estrella,Virden,ecallcott9b@paginegialle.it,769686
337,Lilith,Zengjia,lstickells9c@barnesandnoble.com,775554
338,Willi,Beitan,wlugsdin9d@house.gov,300287
339,Irene,Gzy,ihuxham9e@yolasite.com,533602
340,Melisa,Thủ Thừa,mziemsen9f@marriott.com,470779
341,Gianna,Juli,gslocomb9g@soup.io,651516
342,Bunny,Ditang,bwhitford9h@spiegel.de,474642
343,Willamina,Jaen,winglesent9i@redcross.org,385237
344,Tiff,Norrköping,twhewell9j@ameblo.jp,207001
345,Letizia,Votkinsk,lladon9k@who.int,590855
346,Daffy,Opechenskiy Posad,darmit9l@github.com,356245
347,Rafa,Sophia Antipolis,rglowinski9m@macromedia.com,872679
348,Charmain,Shimabara,cmacphaden9n@theatlantic.com,457846
349,Dru,Somdet,ddamiral9o@miibeian.gov.cn,14869
350,Essa,Kapenguria,ekyte9p@toplist.cz,905458
351,Dannel,Honolulu,dcastledine9q@360.cn,134980
352,Tina,Mugango,tcarpenter9r@goo.ne.jp,909564
353,Roxanna,Miejska Górka,rormrod9s@yellowpages.com,818875
354,Rab,Tucson,rthatcham9t@behance.net,928032
355,Yolanda,Malakwal City,yhastler9u@soup.io,378218
356,Elnore,Mayqayyng,etogher9v@msu.edu,436566
357,Seumas,Lembanah,sairey9w@salon.com,580906
358,Dyanne,Nîmes,dfumagalli9x@mysql.com,475663
359,Arlan,Jirjā,agilfether9y@cisco.com,155850
360,Jesus,Farkhah,jmonget9z@webnode.com,303527
361,Rivi,Longkou,rlobleya0@about.com,462155
362,Rebekah,Tétouan,rfalkusa1@webs.com,46635
363,Jenn,Bektemir,jmctiernana2@mediafire.com,207987
364,Augustina,Velké Opatovice,abradlya3@tinyurl.com,112474
365,Blondelle,Campo de la Cruz,bwilseea4@barnesandnoble.com,799934
366,Bette-ann,Cisaat,bleeuwerinka5@weather.com,362430
367,Bendicty,Kokhanava,bdambrogioa6@domainmarket.com,190719
368,Ernest,Skellefteå,etolla7@bravesites.com,975742
369,Winona,Pietermaritzburg,wgorettia8@networkadvertising.org,520765
370,Ursa,Loureiro,ucatheralla9@slate.com,842187
371,Margarita,Paitan Este,mwoodsfordaa@sbwire.com,665149
372,Raddy,Guanyang,rrennicksab@wordpress.com,809152
373,Elbertine,Betio Village,ezimmerac@ihg.com,688270
374,Lelah,Kitahiroshima,lculwenad@artisteer.com,798224
375,Nadya,Yantian,nwinnardae@alibaba.com,491057
376,Cicily,Blimbing,cbenardetaf@usgs.gov,749604
377,Dawn,Cañas,dhebardag@theguardian.com,556240
378,Eileen,Pindangan Centro,ejovisah@wisc.edu,883720
379,Paten,Stan-Bekhtemir,paspeyai@cargocollective.com,263444
380,Jewel,Ucuncha,jemmanuelaj@seesaa.net,57884
381,Margaux,Osiek nad Notecią,mbraunerak@yale.edu,167666
382,Melvyn,Lianga,mspuneral@wordpress.com,58978
383,Sholom,Dingshu,sharbordam@istockphoto.com,892744
384,Leoine,Padangcermin,lcallearan@cocolog-nifty.com,797704
385,Amalita,Yangjiang,atiuitao@myspace.com,457975
386,Guillemette,Jinjiang,gdudbridgeap@dyndns.org,549698
387,Lexine,Horton,lcoppoaq@wix.com,160184
388,Ethel,Ḩammām Damt,eadamear@comcast.net,532508
389,Rosabel,Macedo de Cavaleiros,rbridgensas@oakley.com,338615
390,Elsey,Jiang’an,econquerat@netscape.com,334906
391,Devina,Tando Muhammad Khān,dmedforthau@sakura.ne.jp,143511
392,Skipper,Dalmatovo,sraynesav@scribd.com,601739
393,Loise,Foumbot,lbertheletaw@wikispaces.com,237254
394,Hanson,Shaowu,hmaryottax@wordpress.org,692317
395,Patrice,Sonzacate,pmarzeleay@networksolutions.com,431540
396,Millie,Zblewo,msikorskiaz@yellowbook.com,800975
397,Guillema,Jingyang,gfortesquieub0@netvibes.com,168564
398,Charity,Kekeran,ccroshamb1@phpbb.com,72618
399,Althea,Jieshi,apidgeleyb2@jigsy.com,28698
400,Christyna,Progreso,ckennallyb3@trellian.com,33004
401,Reggy,Aramayuan,rwellsmanb4@mapquest.com,949686
402,Jolene,Cipeundeuy,jcrowhurstb5@baidu.com,969745
403,Raven,Borovoy,rlormanb6@shinystat.com,563347
404,Florentia,Titao,fsauvainb7@wordpress.org,141824
405,Luca,Shenshu,lalbasinib8@smugmug.com,71484
406,Blondy,Longtanping,bkohlerb9@berkeley.edu,577101
407,Renaldo,Gniechowice,rshapterba@mozilla.org,89142
408,Harold,Zarqa,hkinneybb@yandex.ru,384912
409,Sasha,Dolinsk,sswanboroughbc@ihg.com,581961
410,Rosalinde,Nowshera Cantonment,rstoecklebd@ucoz.com,918070
411,Roselle,Xiangride,rpetrusbe@businesswire.com,454966
412,Anthe,Cazin,aechaliebf@cyberchimps.com,53032
413,Ced,Da’an,cdomeganbg@huffingtonpost.com,449715
414,Belia,Los Ángeles,bmaclesebh@usa.gov,620949
415,Rey,Cincinnati,rkneelbi@mlb.com,217626
416,Yevette,Valence,yprobeybj@cam.ac.uk,467027
417,Lanie,Delong,lraritybk@arstechnica.com,870136
418,Johnny,Ebebiyin,jsarllbl@google.pl,851306
419,Abdel,Puck,alordenbm@marriott.com,894248
420,Anna-diana,Fuzhuang,ajorezbn@histats.com,659041
421,Jocelyn,Palecenan,jcrickmorebo@reuters.com,812112
422,Coral,Tofa,cliepinabp@goo.ne.jp,514554
423,Domini,Shangbahe,dkoresbq@imgur.com,871579
424,Frans,Stockholm,fcosgrovebr@bigcartel.com,700276
425,Kiri,Cabuyaro,krycebs@nasa.gov,205058
426,Doralin,Mora,dwickesbt@example.com,498239
427,Odell,Banjar Paangkelod,obrandrethbu@ask.com,835245
428,Jess,Yaohua,jellinsbv@fema.gov,319169
429,Sidney,Pustomyty,smoralisbw@domainmarket.com,692126
430,Winslow,Nikolayevskaya,wskeinbx@usgs.gov,384005
431,Tory,Palmito,tbestonby@blogs.com,736148
432,Giacopo,Puerres,gfidobz@jiathis.com,361055
433,Newton,Matozinhos,njewisec0@a8.net,243933
434,Madelaine,Costa Rica,mprozesckyc1@addthis.com,856822
435,Irwin,Giebułtów,ihostanc2@princeton.edu,942869
436,Ricky,Totora,rocarneyc3@slideshare.net,198104
437,Guillaume,Jiudu,gscayc4@wordpress.com,465564
438,Brant,Langgen,bbarfieldc5@hubpages.com,776182
439,Idette,Nelazskoye,ijagglic6@taobao.com,126726
440,Tanhya,Rennes,tbattisonc7@nationalgeographic.com,486364
441,Jessee,Bambali,jfeedhamc8@infoseek.co.jp,61396
442,Fanny,Nikopol’,fguiderac9@paypal.com,692155
443,Idalia,Suyo,ibecceroca@pcworld.com,447308
444,Bevan,Gorjani,bgorickecb@mozilla.com,114419
445,Lyndell,Oumé,ldanielycc@mozilla.org,613142
446,Rex,Medang,rfantincd@rambler.ru,13204
447,Jacklin,Yanaoca,jcoatsworthce@illinois.edu,48257
448,Charissa,Labuhantanggabesar,csilversoncf@oakley.com,978506
449,Morganica,Sobienie Jeziory,mderechtercg@sohu.com,588115
450,Jacquetta,Omutninsk,jlightningch@blogtalkradio.com,371677
451,Warden,Lešná,wdifrancescoci@ca.gov,39121
452,Nealon,Yangdi,ngorewaycj@amazon.com,335733
453,Melanie,Youyang,mdaviddeck@rakuten.co.jp,575222
454,Brandise,Bích Động,bcallfcl@wisc.edu,375263
455,Daloris,Pesek,dborchardtcm@berkeley.edu,934592
456,Glory,Lidköping,galennikovcn@disqus.com,331073
457,Shaylah,København,skenewellco@alibaba.com,805120
458,Madlin,Guniushan,mgrouvelcp@google.com.au,318196
459,Roxane,Xiaoshun,rcettellcq@nyu.edu,157902
460,Darline,Sandakan,dflavellecr@hc360.com,406470
461,Gene,Famões,gturberncs@microsoft.com,431088
462,Maryl,Siennica Różana,mthezect@psu.edu,731429
463,Basilius,Wakefield,bfurslandcu@technorati.com,668728
464,Constantia,El Zulia,cgaynsfordcv@slate.com,543262
465,Laetitia,Oepuah,lmilstedcw@discuz.net,683471
466,Amil,Pasiraman,aberanekcx@nih.gov,446827
467,Edsel,Xiongguan,egoldsoncy@eventbrite.com,963193
468,Erminia,Chalamarca,ewoollercz@clickbank.net,446879
469,Leora,Liuzu,lstichalld0@odnoklassniki.ru,792840
470,Ara,Le Mans,aarboined1@reuters.com,107708
471,Celestyn,Komoro,csambeckd2@slideshare.net,199527
472,Heinrick,Kathmandu,hmaffeid3@apache.org,390680
473,Abbye,Wasquehal,afairclothd4@ucsd.edu,373269
474,Fraze,Saratamata,fleveraged5@google.com.au,507121
475,Ainslee,Portão,aregisd6@reddit.com,403458
476,Aarika,Korhogo,atackerd7@shareasale.com,874885
477,Mahalia,Blachownia,mcousansd8@redcross.org,403751
478,Karla,Doubrava,kminichid9@ning.com,256003
479,Connie,Ronda,cfoxenda@nih.gov,389505
480,Ford,Smętowo Graniczne,fkliemchendb@ted.com,283582
481,Noble,Chengjiao Chengguanzhen,nfulldc@google.co.uk,234805
482,Osbourn,Ikalamavony,odictusdd@bigcartel.com,807521
483,Shelden,Katrineholm,shenride@china.com.cn,247250
484,Zacharias,Letovice,zarnaldydf@cyberchimps.com,835959
485,Georgia,Ribeira Grande,gkryszkieciczdg@globo.com,392918
486,Ingaborg,Trelleborg,ibeynkndh@delicious.com,811307
487,Shadow,Yangxunqiao,sbarkawaydi@ftc.gov,480316
488,Wally,Campana,wdegiorgisdj@smugmug.com,511519
489,Francklyn,Yashio-shi,fheinssendk@blogger.com,683453
490,Cybil,Ranchuelo,cmackilpatrickdl@princeton.edu,469608
491,Susanne,Bacong,shaymesdm@cam.ac.uk,823974
492,Lorrie,Pombal,lprangleydn@globo.com,716675
493,Noelyn,Mintang,nisarddo@live.com,503307
494,Angelica,Korba,aalmeidadp@livejournal.com,488597
495,Englebert,Ljubovija,emargrettdq@mashable.com,145597
496,Rebe,Yujia,rwreiforddr@theatlantic.com,740422
497,Allys,Carmen,aburrissds@uiuc.edu,983010
498,Leonie,Peso da Régua,lshadrackdt@fda.gov,858659
499,Tildie,Banjar Pasekan,tvernazzadu@amazon.co.jp,89849
500,Aluin,Rače,apetchedv@tuttocitta.it,268847
501,Kahlil,Los Aquijes,kstringerdw@bbb.org,382012
502,Wilburt,Hearst,wwinchcombedx@wikispaces.com,813248
503,Yale,Chodów,ysussexdy@indiegogo.com,601485
504,Camila,Kristiansand S,ccolebourndz@fotki.com,244468
505,Felicdad,Biharamulo,flindsaye0@plala.or.jp,541986
506,Ronny,Lyon,rowaine1@cloudflare.com,365461
507,Nikolos,Santa Ana,nwolstencrofte2@rakuten.co.jp,919154
508,Adam,Lezhu,aromainese3@ifeng.com,192633
509,Karita,Ambatolampy,kfearnyoughe4@sina.com.cn,860558
510,Gillie,Inayauan,ggulleforde5@reference.com,621401
511,Merrilee,Kiev,mhallmarke6@wired.com,663005
512,Susana,Jambuir Timur,schazelase7@indiegogo.com,15414
513,Jasen,Sacramento,jfryde8@feedburner.com,301225
514,Conrade,Tanjungbalai,cguernere9@hud.gov,96882
515,Lynnette,Piedecuesta,lbellenieea@imageshack.us,277481
516,Randa,Lomboy,rtyzackeb@jalbum.net,187722
517,Kayla,Parapat,khuguetec@elpais.com,682165
518,Davis,Ulundi,dfeatherstoned@mozilla.com,955508
519,Eolanda,Wewit,eetoileee@shutterfly.com,204012
520,Billie,Rassvet,bpateselef@census.gov,429475
521,Tedda,Selínia,tkuhnteg@columbia.edu,953235
522,Evangelin,Bultfontein,evitteryeh@soundcloud.com,675649
523,Babbette,Szprotawa,bzoldei@netvibes.com,387189
524,Roth,Thị Trấn Phong Thổ,rtournerej@eepurl.com,128373
525,Carl,Huyu,cfelthamek@example.com,635531
526,Yorker,Bình Thủy,yliptrodel@baidu.com,474565
527,Feodora,Kolambugan,fklimptem@google.it,520973
528,Anatola,Manado,abidmeaden@eventbrite.com,699183
529,Moss,Pueblo Viejo,mmicheeo@slate.com,157543
530,Amelina,Biaoshan,achalfontep@sphinn.com,906009
531,Arden,Sukodono,apirnieeq@dell.com,698765
532,Rickie,Bayuwan,rcaghaner@mediafire.com,233777
533,Cathrine,Las Terrenas,cdalrymplees@tamu.edu,376026
534,Jeanette,Yamazakichō-nakabirose,jsouthardet@etsy.com,513777
535,Ediva,Buliwao,enialseu@rakuten.co.jp,413343
536,Renee,Luzhou,rzeplinev@chicagotribune.com,543360
537,Huberto,Luau,hvarlowew@slashdot.org,488629
538,Sasha,Rybinsk,sbrimsex@dion.ne.jp,772481
539,Essy,Smolec,ecarmichaeley@ebay.co.uk,235095
540,Gerta,Balinad,geasunez@joomla.org,528694
541,Barny,Vidče,brugglesf0@aboutads.info,296716
542,Gracie,Batanovtsi,gcrockattf1@google.ru,686902
543,Killian,Marne-la-Vallée,kwilcef2@si.edu,837923
544,Kingston,Claremont,kdowningf3@people.com.cn,159633
545,Ashly,Los Angeles,akeitleyf4@issuu.com,932603
546,Alanson,Pagaruša,adilsf5@forbes.com,197439
547,Tadeo,Épinal,tickovitsf6@sciencedirect.com,87857
548,Teodora,Shizuoka-shi,tleedf7@newsvine.com,819139
549,Anderea,Xintang,arobinsonf8@tinypic.com,589702
550,Dorelle,Daxin,dbaultf9@latimes.com,402388
551,Travus,Paraíso,tbreslanefa@usgs.gov,502611
552,Otes,Xiangquan,omaryetfb@paginegialle.it,920901
553,Joshia,Kalidawe,jattowfc@oracle.com,797406
554,Isador,Sernur,ijohnsonfd@tmall.com,649524
555,Erina,Granard,epilkintonfe@dot.gov,523939
556,Beverlie,Shekou,bdollardff@plala.or.jp,642377
557,Lucais,Frederiksberg,lwarnefg@bloomberg.com,868571
558,Aldin,Guachetá,atorrifh@amazon.co.uk,791295
559,Mei,Chrast,mnisbetfi@naver.com,263891
560,Wilbert,Göteborg,wstledgerfj@tripod.com,842611
561,Alano,Santa Ana,ahazelhurstfk@pinterest.com,986473
562,Emera,Buenavista,eweildfl@pbs.org,264268
563,Welsh,Mumias,waronsfm@t-online.de,321276
564,Hartwell,Menzel Bourguiba,hwadgefn@tmall.com,847157
565,Marianna,Bollnäs,mkernanfo@prlog.org,774074
566,Mahmoud,Ugra,mhowcroftfp@guardian.co.uk,270368
567,Reine,Al ‘Ashshah,rparkynsfq@wix.com,168379
568,Brunhilde,Zhonghekou,bdowlefr@ebay.com,139735
569,Dorine,Mucllo,dovellfs@omniture.com,213661
570,Rani,Serra de Santa Marinha,rleathwoodft@taobao.com,829198
571,Fayina,Pa Kham,fgowlingfu@yahoo.com,431621
572,Cleon,'s-Hertogenbosch,cgeekiefv@ted.com,671519
573,Zacharie,Karangsuko,zgeefw@bigcartel.com,924052
574,Mark,Ushi,mraymontfx@yahoo.co.jp,738785
575,Gilburt,Karanganyar,gbellisfy@cnbc.com,145196
576,Iosep,Dziadkowice,ipostinsfz@quantcast.com,767627
577,Melanie,Lingyuan,mfonzog0@opensource.org,175131
578,Dolli,Mogi das Cruzes,dbedellsg1@tiny.cc,33247
579,Celestine,Mabasa,clittlefieldg2@pen.io,424537
580,Darrin,Mora,dsumshong3@163.com,390648
581,Florry,Bao’an,ffitterg4@t-online.de,754282
582,Francisco,Nyandoma,fratcliffeg5@de.vu,232153
583,Nertie,Qingshui,nburnallg6@mashable.com,340250
584,Ruperta,Kurovskoye,roxenhamg7@blinklist.com,970249
585,Jamie,Paldiski,jcalderag8@fema.gov,618997
586,Arri,Katagum,awoosterg9@nhs.uk,404873
587,Sephira,Kāshān,sjurzykga@tuttocitta.it,406495
588,Aggy,Sumberbatas,azywickigb@columbia.edu,273821
589,Anthia,Bílina Kyselka,amacconnultygc@dell.com,377131
590,Michale,Baun,mmarquezgd@livejournal.com,532326
591,Lambert,Daxindian,llowthorpege@ihg.com,97591
592,Carol,Wonorejo,cyoudegf@goo.ne.jp,735889
593,Rosanna,Kobylin,rroysongg@unc.edu,83993
594,Clifford,Linköping,ccorygh@arizona.edu,40154
595,Mikel,Älvsjö,medmeadsgi@aol.com,240282
596,Briano,Makhalino,bfeastergj@ihg.com,795545
597,Carlos,Kariat Arkmane,cmcfadyengk@123-reg.co.uk,164787
598,Gregorius,Independencia,gwarboygl@imageshack.us,938299
599,Alexandra,Lepoglava,anorthidgegm@google.cn,179373
600,Drusilla,Uitenhage,dtwycrossgn@canalblog.com,156901
601,Donall,Wa’eryi,dkonkego@skyrock.com,304300
602,Heida,Ban Chalong,hbowmengp@canalblog.com,203577
603,Dorri,Brits,dhacardgq@tinyurl.com,791183
604,Erny,Catungawan Sur,ecookmangr@angelfire.com,395257
605,Cassie,Qingyuan,cbernardygs@state.gov,760619
606,Aurthur,Pasaco,awadmoregt@youku.com,616696
607,Tris,Wedangtemu,thuthartgu@netscape.com,519813
608,Decca,Chaumont,dlocketgv@oakley.com,179666
609,Analise,Daqiao,aguidonigw@liveinternet.ru,540307
610,Emmerich,Kawangu,eomullaneygx@dailymotion.com,777533
611,Aron,Cochrane,abrownleagy@scientificamerican.com,367604
612,Zackariah,Huanggang,zhowlettgz@mozilla.org,890027
613,Shari,Baima,sshadbolth0@ca.gov,974157
614,Gayla,Chiang Rai,gkinastanh1@theguardian.com,510363
615,Paco,Pouso Alegre,pmackieh2@odnoklassniki.ru,973572
616,Nicola,Lafiagi,nmowsdaleh3@indiegogo.com,625869
617,Lexis,Odemira,lprandyh4@ftc.gov,514903
618,Chicky,Stepnogorsk,cdetocquevilleh5@blogger.com,87910
619,Darell,Chao,dandreuh6@joomla.org,351469
620,Emmott,Yujia’ao,eslinnh7@tuttocitta.it,900034
621,Rois,Boa Esperança,raparkh8@arizona.edu,716496
622,Barde,Devesa,bhavercrofth9@kickstarter.com,231845
623,Madelena,Liuxia,mwhybrayha@prlog.org,186348
624,Elizabeth,Alegre,eblodgetthb@infoseek.co.jp,365735
625,Obie,Suklayin,oruggierhc@eventbrite.com,24074
626,Harris,Cimo de Vila,hstanleyhd@vimeo.com,104071
627,Mel,Zhushan,mhellwighe@boston.com,606683
628,Marius,Wailolung,mpaternohf@123-reg.co.uk,114260
629,Asher,Conceição da Barra,aexallhg@miitbeian.gov.cn,501386
630,Silva,Polanica-Zdrój,sbartosekhh@slate.com,42979
631,Bobby,Liucheng,bfrobisherhi@reddit.com,180980
632,Delia,Huaquillas,dlichfieldhj@vk.com,472377
633,Olivette,Puzi,osutcliffehk@google.es,650175
634,Sherill,Curuzú Cuatiá,spazhl@bing.com,137375
635,Noelani,Whitegate,ndoultonhm@live.com,313779
636,Hobard,Kongwan,hrichemondhn@scribd.com,41304
637,Susette,Dadong’ao,smelsonho@vistaprint.com,80326
638,Miof mela,Carcar,mrozenzweighp@nsw.gov.au,381334
639,Kent,Koina,kattackhq@rediff.com,897399
640,Carlye,Luwingu,ckleinhaushr@istockphoto.com,20000
641,Waiter,Senahú,wonolandhs@cdc.gov,534366
642,Shannah,Teluksantong,spehrssonht@wikipedia.org,224335
643,Almira,Fraile Pintado,awoodyearhu@nps.gov,937737
644,Angil,Iktābah,ananihv@cdbaby.com,317275
645,Kiele,Kende,krowselhw@unc.edu,145570
646,Alexio,Puerto Maldonado,abraganzahx@symantec.com,535283
647,Merlina,Tsivil’sk,mgostallhy@earthlink.net,195223
648,Burton,Talun,bskewishz@weibo.com,107850
649,Megen,La Loma,mmemoryi0@paypal.com,644432
650,Gerrie,Roches Noire,galfordei1@wufoo.com,670459
651,Aldrich,Barili,alarkingi2@sphinn.com,625319
652,Florri,Shiraoka,fbeacomi3@walmart.com,912380
653,Renell,Jerusalem,ringredai4@sciencedirect.com,555390
654,Korella,Barra de Carrasco,khazeldenei5@sakura.ne.jp,318080
655,Goddart,Yurkivka,gfudgei6@omniture.com,773774
656,Ricky,Cihaur,rjoslingi7@bluehost.com,829880
657,Cecily,Khantaghy,cteggini8@kickstarter.com,369000
658,Aleece,Eusebio Ayala,aportmani9@aboutads.info,323810
659,Beatrix,Ya’ngan,bsatterthwaiteia@merriam-webster.com,931939
660,Livvy,Kauhan,ltroakib@bloomberg.com,563857
661,Broddy,Fusagasuga,bovendonic@arstechnica.com,959700
662,Jacklyn,Cikuray,jcolbyid@cocolog-nifty.com,485960
663,Trish,Itacarambi,tharveyie@cbslocal.com,368631
664,Meridith,Shirochanka,mabadamif@arizona.edu,404217
665,Adlai,Svrljig,adunstallig@domainmarket.com,112909
666,Des,Varadero,divanishchevih@linkedin.com,36048
667,Virgil,Potongan,vranyelldii@sfgate.com,600775
668,Barrett,Aksu,bplastowij@buzzfeed.com,433797
669,Dasya,Lubochnia,dbartlesik@go.com,770868
670,Sigfrid,Dharān Bāzār,sdoyleil@bandcamp.com,110482
671,Hermine,Manhuaçu,hoverstoneim@google.ca,479313
672,Woodman,Silodakon,wisonin@soup.io,531826
673,Janek,Bangus Kulon,jagerio@utexas.edu,833103
674,Ariel,Viesīte,ahurdleip@paypal.com,289794
675,Emylee,Vetlanda,eroomiq@theglobeandmail.com,647328
676,Roselin,Chuanpu,rmcowenir@imageshack.us,586151
677,Kellia,Port-Vila,khrachovecis@youtube.com,309852
678,Stormie,Ciparakan,smushettit@etsy.com,53633
679,Hart,Oslo,hsweetlandiu@hao123.com,709984
680,Bear,Bozoum,bolexaiv@npr.org,862223
681,Keefer,San Vicente,ktwiggiw@howstuffworks.com,260245
682,Eugen,San Bernardo,elashfordix@guardian.co.uk,23910
683,Rhys,Quinta,rbartolacciiy@un.org,39645
684,Ivett,Nova Venécia,ihumbeyiz@theatlantic.com,764087
685,Balduin,Chía,bgreenawayj0@unblog.fr,13118
686,Guthrey,Maha Sarakham,glegginj1@php.net,552772
687,Eric,Lanas,eplaidj2@canalblog.com,70231
688,Robb,Peroguarda,rmaxwalej3@domainmarket.com,158553
689,Marybeth,Carregueira,mstoreyj4@tripadvisor.com,730395
690,Hall,New-Richmond,hpolesj5@nytimes.com,878076
691,Remus,Hejiayan,rnussenj6@bloglines.com,270779
692,Sibby,Nelazskoye,sshaplandj7@yellowpages.com,985464
693,Ransell,Sampués,rcritophj8@chicagotribune.com,766618
694,Rolland,Benito Juarez,rphilpotj9@netscape.com,485883
695,Ogden,Mizoch,ogodboldja@hhs.gov,134758
696,Anstice,Nickby,aholmyardjb@vimeo.com,941610
697,Laurens,Laleng,lbussjc@mlb.com,931234
698,Minnaminnie,Gambalidio,mwindramjd@dell.com,73795
699,Shannen,Santa Luċija,sricardinje@wsj.com,835495
700,Mavis,Santa Maria Oliveira,mstoylesjf@freewebs.com,951173
701,Damaris,Wuyanquan,dsawnwyjg@imageshack.us,300858
702,Kissie,Bongor,ksiddonjh@senate.gov,123360
703,Gaye,Shuigou,gleggettji@economist.com,53624
704,Gaspar,Madoi,ggronewayjj@cam.ac.uk,559664
705,Augustina,Recife,atackleyjk@hubpages.com,735040
706,Meridith,Yuta,mfluinjl@ihg.com,301915
707,Marijo,Arbaoua,mweathersjm@i2i.jp,902637
708,Maye,Joliet,mbramleyjn@barnesandnoble.com,136683
709,Noll,Manokwari,nmckennajo@desdev.cn,197801
710,Isaac,Langtad,idibsdalejp@cbslocal.com,196559
711,Anny,Radomin,aguitonneaujq@wunderground.com,890430
712,Jordana,Tvøroyri,jhawksworthjr@lycos.com,647043
713,Merle,Alasmalang,mcuradojs@sun.com,440193
714,Angelika,Helsingborg,acharlejt@nhs.uk,738564
715,Evelyn,Yongfeng,ebyssheju@histats.com,991218
716,Marne,Tuncheng,mraggettjv@plala.or.jp,352184
717,Olav,Baru,omerrgenjw@nsw.gov.au,482673
718,Libbi,Sampangbitung,lbeardsalljx@posterous.com,729620
719,Torre,Louisville,tkleeweinjy@amazon.co.jp,675208
720,Lemar,Binubusan,ldeenyjz@ed.gov,528773
721,Darryl,Baokou,dmoughtonk0@epa.gov,557256
722,Jermain,Ares Tengah,jpechek1@cloudflare.com,62531
723,Ediva,Ponta Grossa,esarlk2@e-recht24.de,740650
724,Georgetta,Boyang,gbeswetherickk3@ucoz.ru,919496
725,Andi,Āgaro,acrallank4@spiegel.de,988151
726,Druci,Tawa,dwoodberryk5@shutterfly.com,141910
727,Giffard,Kovdor,gmckeurtonk6@jalbum.net,509374
728,Mord,Santa Magdalena,mcalcraftk7@comcast.net,23688
729,Carlos,Shifang,ccanacottk8@fda.gov,953264
730,Teena,Tambaú,taguirrezabalk9@t-online.de,452789
731,Abe,Érd,abirkbeckka@flickr.com,969716
732,Yoko,Ifanadiana,ypamplinkb@shutterfly.com,848804
733,Lockwood,Dasha,lhughskc@vistaprint.com,344155
734,Rosemarie,Bonsari,rpachmannkd@ucoz.com,894138
735,Bastien,Damiku,bpoletke@cnbc.com,266015
736,Hyacinth,Bledzew,hsavilekf@sun.com,28214
737,Dasha,Miaoshou,dadamekg@soundcloud.com,957909
738,Jobina,Ranot,jbearekh@techcrunch.com,382636
739,Shanon,Zhihe,skavanaghki@moonfruit.com,200014
740,Bethanne,Echeng,bosininkj@oaic.gov.au,77975
741,Barn,Kristiansund N,bsmeatonkk@studiopress.com,818556
742,Joelynn,Nagareyama,jgilderkl@discovery.com,593633
743,Janis,Phong Điền,jsnaddinkm@seattletimes.com,784516
744,Verena,Yaogou,vgutowskikn@people.com.cn,38479
745,Lula,Selínia,lbrierleyko@miitbeian.gov.cn,911362
746,Franchot,Marbel,fdenisyukkp@yolasite.com,928828
747,Bonny,Jiangbei,bpielekq@sourceforge.net,674230
748,Clarey,Simnas,cdowtrykr@wordpress.org,183827
749,Dani,Puyo,dnyeks@nba.com,283331
750,Aryn,Pułtusk,abarneskt@sfgate.com,217346
751,Ailyn,Charikar,agetchku@nytimes.com,835040
752,Eleen,Magdug,etitmarshkv@phoca.cz,213476
753,Vanessa,Eaubonne,vguisbykw@twitpic.com,659898
754,Ronnie,Grand Forks,rroddamkx@harvard.edu,310791
755,Lou,Chaínça,lstairmandky@taobao.com,151802
756,Francois,Ostrogozhsk,flyonskz@quantcast.com,406798
757,Kayne,Llacanora,kviversl0@cocolog-nifty.com,706979
758,Ilise,Chotepe,iprettymanl1@yolasite.com,406450
759,Chick,Shigu,caclandl2@diigo.com,944491
760,Orelia,Yélimané,odominil3@dell.com,343680
761,Early,Guangning,eskiltonl4@hao123.com,308652
762,Charles,Ketawang,cpargiterl5@dell.com,969921
763,Yanaton,Tuzhu,ybucknerl6@slate.com,96255
764,Ynez,Constanza,yohlsenl7@thetimes.co.uk,717635
765,Warren,São Miguel dos Campos,wpratonl8@reference.com,961117
766,Phaidra,Challans,pabbisonl9@intel.com,675071
767,Chiarra,Bárrio,cconachiela@delicious.com,921394
768,Cirstoforo,U Minh,cprovenlb@marketwatch.com,661498
769,Israel,Sedkyrkeshch,ishooterlc@mapy.cz,561739
770,Anjanette,Ust-Kamenogorsk,ahutchensld@tinypic.com,528753
771,Woodie,Benjamin Constant,wsarginsonle@rediff.com,917105
772,Tabbitha,Tumbagaan,tjaffraylf@washingtonpost.com,900491
773,Neddy,Strabychovo,nfrondtlg@newsvine.com,52551
774,Joaquin,Rouen,jtamblingsonlh@theatlantic.com,661960
775,Hilda,Brzeszcze,hspongli@upenn.edu,249444
776,Curran,Ukhta,csarfaslj@bing.com,805545
777,Maire,Duut,mmcpakelk@epa.gov,432980
778,Kessia,Wanfang,kalgatell@census.gov,568323
779,Ilene,Matoupu,itrowbridgelm@shareasale.com,911708
780,Delcine,Padova,dlapreeln@addtoany.com,239176
781,Janifer,Wangbuzhuang,jraddenlo@studiopress.com,442176
782,Lock,Watuagung,lschollinglp@dell.com,267298
783,Myca,San Nicolas,madamczyklq@weebly.com,676992
784,Ram,Shidong,rclifforthlr@wired.com,77008
785,Oralia,Liancheng,ogotobedls@artisteer.com,919758
786,Cecilia,Shuanghejiedao,csextielt@com.com,168301
787,Izzy,Ōgaki,icobbinlu@netlog.com,930847
788,Patrizius,Lianghe,poferguslv@harvard.edu,775144
789,Codi,Alpedrinha,cramelw@un.org,784787
790,Klara,Kylmäkoski,kbazyletslx@ft.com,426544
791,Toinette,Shuangxiqiao,tsambathly@indiatimes.com,431031
792,Nanine,Song,nvialslz@seattletimes.com,420626
793,Dayna,Napoli,dmcallasterm0@printfriendly.com,141456
794,Baily,Manzil Bū Zalafah,bfelkinm1@flickr.com,965395
795,Thaxter,Denov,tnicholesm2@weather.com,828719
796,Jed,Propriá,jroycroftm3@addthis.com,141170
797,Lindsey,Chengzhai,lcaminm4@topsy.com,88434
798,Parke,Dobratice,pfiggsm5@livejournal.com,939063
799,Valaree,São Mamede,vjachimakm6@sourceforge.net,103092
800,Emelen,Singkup,evasyunichevm7@businessweek.com,91292
801,Albina,Ortega,apittwoodm8@comcast.net,703798
802,Lyon,Reading,lclerkem9@yellowpages.com,578011
803,Ailbert,Ganghwa-gun,ayssonma@simplemachines.org,872438
804,Bonnie,Batulawang,bantonettimb@omniture.com,529411
805,Marris,Perosinho,mbourhillmc@arizona.edu,162436
806,Gayelord,Colonia Minga Porá,ghaswellmd@unicef.org,446049
807,Seward,Kajansi,sbrazenerme@ezinearticles.com,677095
808,Hew,Sangesi,hbrendishmf@t.co,760680
809,Justen,Sattahip,jdederickmg@devhub.com,190165
810,Jareb,Waitun,jchatemh@squidoo.com,557626
811,Egon,Pasarkuok,ewrixonmi@yellowpages.com,765651
812,Robinette,Belos Ares,rsweedmj@ning.com,463672
813,Cathi,Borovoy,cdebruynemk@mac.com,157477
814,Rasla,Qingtaiping,rbuckthorpml@ovh.net,636346
815,Marie-ann,Kajiado,mfallenmm@eepurl.com,853534
816,Annelise,Asunción,aegglestonmn@spotify.com,788733
817,Arabel,San Sebastian,aelcouxmo@sina.com.cn,656713
818,George,Colonia Wanda,gtorrisimp@weather.com,275427
819,Corrie,Glória do Goitá,cscohiermq@comsenz.com,569642
820,Blanche,Gardutanjak,bbrissemr@discovery.com,284727
821,Gustaf,Jistebnice,grawlynsms@tmall.com,299041
822,Walden,Tor,wbernuzzimt@paginegialle.it,167851
823,Ulrica,Tonosí,uwolversonmu@artisteer.com,201087
824,Twyla,Balaklava,ttrimbymv@tuttocitta.it,712421
825,Stevena,Lyon,slydiatemw@hhs.gov,375280
826,Mikaela,Meaux,mclaworthmx@imdb.com,908822
827,Duke,Garbolovo,dwinscummy@google.fr,216784
828,Sherwynd,Xingcheng,sniblettmz@jiathis.com,282605
829,Tommie,Ramotswa,tberkn0@fotki.com,812316
830,Mick,Ouricuri,mtrussen1@simplemachines.org,331851
831,Austine,Longwan,aosannen2@youtu.be,840189
832,Stillman,Al Fujayrah,seilhersenn3@phpbb.com,767918
833,Giulia,Gondifelos,gavrahamiann4@stumbleupon.com,901478
834,Tuck,Hongling,ttisunn5@usnews.com,701513
835,Neall,Broumov,nmuron6@pcworld.com,955649
836,Erick,Mulchén,ebastinn7@netlog.com,437418
837,Debera,Albertville,dashbyn8@constantcontact.com,823632
838,Courtnay,Tangqian,ccokaynen9@weebly.com,782524
839,Tulley,Banyutengah,tprobinna@prlog.org,506641
840,Fremont,Pocora,fbeszantnb@indiegogo.com,209810
841,Clara,Kipit,charknessnc@mit.edu,725123
842,Hughie,Lakatoro,hmcvanamynd@yellowpages.com,676569
843,Nady,Buje,nellisonne@xrea.com,253535
844,Rudiger,Muang Sam Sip,rkefordnf@angelfire.com,14036
845,Mata,Santa Barbara,mkropng@weather.com,37689
846,Stanislaw,Ambarakaraka,slebannh@oakley.com,215618
847,Gage,Chengfeng,gfurleyni@columbia.edu,54298
848,Candi,Antsiranana,cprewnj@youku.com,113613
849,Rachael,Luthu,rpawsonnk@blogs.com,753904
850,Cacilie,Chaoyang,cpindarnl@redcross.org,477759
851,Chancey,Santo Tomas,cfoottitnm@shop-pro.jp,660414
852,Amandi,Hongkou,afirmagenn@uiuc.edu,369608
853,Chaim,Dongcheng,cmoseno@dion.ne.jp,98924
854,Neils,Karlobag,ncormodenp@blogtalkradio.com,564716
855,Kettie,Sechelt,kandrieuxnq@liveinternet.ru,134303
856,Chandra,Bandera,cganfordnr@spotify.com,317870
857,Cordy,Huatajata,cgillumns@biblegateway.com,979733
858,Maddie,Yelan’,mbrockleynt@newsvine.com,976820
859,Flori,Ligang,fmcanellyenu@ucoz.ru,252806
860,Cairistiona,Zelenoborskiy,cmacanenv@java.com,807274
861,Fritz,Gulrip’shi,fgotternw@sciencedirect.com,810220
862,Cloe,Chabany,cdominiquenx@netscape.com,625189
863,Jayme,Moriguchi,jdemorenany@nature.com,615632
864,Prentiss,Baimajing,phicksnz@hubpages.com,14371
865,Shelagh,San Luis Ixcán,swalwortho0@infoseek.co.jp,642403
866,Harp,Añatuya,hdiffleyo1@jiathis.com,668081
867,Eilis,Metz,eepletto2@slashdot.org,520767
868,Daile,Bronnitsy,dciccottoo3@youku.com,651355
869,Ulysses,Jianxincun,ucroisiero4@omniture.com,410814
870,Allsun,Pavlovsk,abodegao5@google.fr,839399
871,Conrade,Kimaam,cglennono6@alexa.com,581858
872,Brandie,Schaumburg,bavisono7@zimbio.com,997081
873,Keary,Benito Juarez,kellesmereo8@unesco.org,742855
874,Amara,Nyimba,asaurao9@noaa.gov,886632
875,Pete,Kedungcangkring,pcarberryoa@printfriendly.com,26304
876,Chan,Memphis,coliviaob@wiley.com,562123
877,Remus,Kista,rdescroixoc@t-online.de,277150
878,Noam,Huangchuan,nfullmanod@sfgate.com,262547
879,Cami,Arboga,crowstonoe@twitpic.com,599563
880,Junia,Kryry,jbrambellof@about.com,927649
881,Loella,Baligród,lharpinog@cnet.com,51503
882,Ernestus,Tigbao,ebreinloh@reverbnation.com,140309
883,Arnaldo,Cipanas,adennertoi@google.ca,854192
884,Wilt,Speightstown,wselwyneoj@tinyurl.com,129195
885,Carma,Garwolin,cscoldingok@themeforest.net,16909
886,Barnett,Paris 11,bcodiol@topsy.com,651131
887,Salaidh,Lüxiang,steresiom@ebay.com,615889
888,Rollin,Stockholm,rtoweyon@phpbb.com,196262
889,Palm,Formosa,pmowsdelloo@barnesandnoble.com,822141
890,Monty,Paris La Défense,mramsdellop@theatlantic.com,718928
891,Trudi,Ronneby,tmcdualloq@nyu.edu,331611
892,Libby,Batang,lmachinor@wix.com,460301
893,Julian,Huangascar,jmcnabos@smh.com.au,130406
894,Frederik,Totness,fdovermannot@booking.com,752679
895,Alvera,Beaufort,abyrthou@phoca.cz,883329
896,Syd,Roma,slochetov@tripod.com,572124
897,Cindi,Caacupé,cwallheadow@blogs.com,762954
898,Lindy,Xiaohe,lproughtenox@cbc.ca,115498
899,Reilly,Tvøroyri,rwathanoy@phoca.cz,852639
900,Fremont,Chashnikovo,fclifftoz@admin.ch,908143
901,Parke,El Galpón,pchessorp0@hhs.gov,620748
902,Sallie,Brniště,stugmanp1@miitbeian.gov.cn,94081
903,Drucy,Apostolove,dmcdellp2@loc.gov,657049
904,Fabien,Panshan,fyokelp3@si.edu,531727
905,Suzanna,Piedecuesta,svigarsp4@auda.org.au,987342
906,Estelle,Mont-Saint-Hilaire,ematejp5@slate.com,137271
907,Petunia,Niaohe,pbillep6@yandex.ru,929831
908,Dev,Sumbergedong,dgrimoldbyp7@arizona.edu,319752
909,Antonius,Lammi,amerricksp8@theatlantic.com,909230
910,Odelle,Mainque,ograssettp9@smh.com.au,164813
911,Serge,Dingtao,ssmithsonpa@flickr.com,577277
912,Obed,Genova,owinfreypb@cpanel.net,960393
913,Gretta,Medovene,gmckleodpc@hibu.com,857125
914,Alethea,Arrufó,atwinepd@skype.com,251455
915,Rowe,Fenoarivo Atsinanana,rprielpe@usatoday.com,930183
916,Costa,Sariwŏn,cdarkerpf@jiathis.com,771921
917,Beatrisa,Lucija,blightwoodpg@irs.gov,621152
918,Blancha,Maythalūn,bboweryph@shutterfly.com,387800
919,Bette,Gasa,bblacklockpi@hugedomains.com,153526
920,Amelie,Bamenda,apodburypj@imdb.com,505581
921,Andie,Gävle,abossepk@ebay.com,499322
922,Haleigh,Tantu,hmaccorkellpl@tiny.cc,665327
923,Kelly,Chatturat,kcrumbypm@hugedomains.com,287355
924,Jilli,Panenggoede,jcastiglionepn@mozilla.com,507586
925,Courtnay,Houston,camirandapo@facebook.com,989589
926,Lebbie,Perez,lelhampp@noaa.gov,271189
927,Corette,Prinza,cjurapq@ameblo.jp,447798
928,Joannes,Shangzhuang,jhalpenpr@linkedin.com,542278
929,Gaston,Noshiro,gbrunnenps@samsung.com,306808
930,Shaine,Foros do Trapo,spophampt@sina.com.cn,390808
931,Elvira,Słupno,ebeesleypu@tiny.cc,30855
932,Tomlin,Mangochi,tsothebypv@posterous.com,118945
933,Mortie,Kut Chap,mwhereatpw@fastcompany.com,315983
934,Heath,Zakamensk,hheggpx@rakuten.co.jp,915205
935,Domingo,Dingjiayao,dmayzespy@csmonitor.com,628969
936,Hildagard,Triandría,hstandagepz@naver.com,20514
937,Violet,Alchevs’k,vropertq0@ocn.ne.jp,756089
938,Celene,Glugur Krajan,ckerwickq1@ted.com,768506
939,Jorgan,Wakuya,jmaierq2@dell.com,471276
940,Shelby,Jimo,ssheldonq3@who.int,399768
941,Reuven,Nowlamary,rsimonelq4@symantec.com,642597
942,Fawne,Palcza,ffarlamq5@google.it,731702
943,Elsie,Terny,eboddymeadq6@theglobeandmail.com,570238
944,Carrissa,Gannan,chillumq7@booking.com,551653
945,Bryant,Rājshāhi,bcolliverq8@china.com.cn,537025
946,Marcellus,Sambongpari,mgyurkoq9@php.net,161554
947,Hermy,Zhouwang,hbrickhamqa@tmall.com,246692
948,Delano,Xinyi,dpeckettqb@themeforest.net,346681
949,Tiena,Alcáçovas,tkilaleaqc@comsenz.com,90483
950,Lovell,Marseille,lbartlomieczakqd@mit.edu,135742
951,Christophe,Bouaflé,cbuyersqe@delicious.com,208430
952,Sileas,Pingshanhu,sosullivanqf@so-net.ne.jp,175634
953,Loren,Wojcieszków,lbonnerqg@prnewswire.com,194311
954,Nealon,Candelaria,nmcanenyqh@netvibes.com,113154
955,Kirsti,Sabaneta,kprawleqi@acquirethisname.com,508538
956,Nanice,Lesozavodsk,nwallingqj@microsoft.com,348769
957,Basil,Gazimurskiy Zavod,bgrimsleyqk@weibo.com,949516
958,Marlo,Waepana,myakovitchql@diigo.com,595211
959,Kelsey,Al Jubayhah,ksailorqm@google.nl,363145
960,Gearalt,Panglanjan,gisaksonqn@vk.com,974721
961,Patric,Kasui,pvasyukhnovqo@answers.com,872848
962,Welsh,Biliri,wchestermanqp@free.fr,572451
963,Merrile,Martingança-Gare,mheaneyqq@drupal.org,533657
964,Colleen,Vojkovice,cbrameldqr@nymag.com,302400
965,Magda,Kamirenjaku,mlaminmanqs@berkeley.edu,297729
966,Kyrstin,Onguday,kbrasierqt@nba.com,307893
967,Washington,Yingyang,wvaltiqu@miibeian.gov.cn,991826
968,Amata,Ar Ru’ays,awaplintonqv@cyberchimps.com,525559
969,Kit,Dijon,kpeironeqw@usda.gov,748492
970,Rowen,Ribnica na Pohorju,rtomkissqx@bloglines.com,862936
971,Frieda,Al Manzilah,feminsonqy@imageshack.us,901913
972,Sandie,Aleksandrovskiy Zavod,sbrezlawqz@usgs.gov,497868
973,Katheryn,Leiyang,klyalr0@vimeo.com,677509
974,Vale,Malambo,vferneleyr1@spiegel.de,33049
975,Moshe,Nashville,mbalasinir2@independent.co.uk,871227
976,Rog,Santo Aleixo,rredholer3@wp.com,359668
977,Idaline,Sanrao,ibannisterr4@symantec.com,330530
978,Sibyl,Chowṉêy,srymellr5@pen.io,511383
979,Oberon,Phanna Nikhom,odionisor6@canalblog.com,765448
980,Austine,Jablonec nad Nisou,acranr7@elegantthemes.com,640114
981,Gris,Staré Křečany,gharlettr8@prnewswire.com,449813
982,Jeanna,Zhaxirabdain,jattrider9@booking.com,719814
983,Rosabel,Chaínça,rcaldairoura@wisc.edu,231207
984,Theo,Gharyan,tgammierb@fotki.com,835123
985,Jennie,Poteran,jconstantinourc@smugmug.com,674387
986,Hercule,Néa Éfesos,haudasrd@shareasale.com,910473
987,Ada,Tabango,adelamerere@who.int,52353
988,Reinaldos,Iwakura,rcastagnetorf@bandcamp.com,807687
989,Vanya,Vyshneye Dolgoye,viannerg@tinyurl.com,991731
990,Pandora,Yajin,pdikerh@thetimes.co.uk,918171
991,Kendell,Tamaki,kbillyealdri@google.fr,92435
992,Corey,Keboncau,ccureerj@sohu.com,828366
993,Guthrie,Venezuela,glavallrk@salon.com,471141
994,Maximo,Bukavu,mdaughertyrl@archive.org,61871
995,Robinet,Karangsuko,rberzonsrm@cisco.com,405162
996,Bartholomew,Delft,bpattesallrn@google.nl,71250
997,Sibel,Chengguan,ssmallshawro@disqus.com,441788
998,Gardiner,Portland,groubayrp@spiegel.de,279673
999,Maryellen,Ngenden,maldgaterq@networkadvertising.org,348584
1000,Charlton,Mehona,cjoinerrr@discovery.com,467551
